{
	"info": {
		"_postman_id": "a6e87227-695d-4a0d-8c1f-6d9f6713cb0d",
		"name": "SpringCache",
		"schema": "https://schema.getpostman.com/json/collection/v2.1.0/collection.json",
		"_exporter_id": "539478"
	},
	"item": [
		{
			"name": "Add Product",
			"request": {
				"method": "POST",
				"header": [],
				"body": {
					"mode": "raw",
					"raw": "{\r\n    \"name\": \"Wireless Headphones\",\r\n    \"price\": 99.99,\r\n    \"items\": 25\r\n}",
					"options": {
						"raw": {
							"language": "json"
						}
					}
				},
				"url": {
					"raw": "localhost:8080/product",
					"host": [
						"localhost"
					],
					"port": "8080",
					"path": [
						"product"
					]
				}
			},
			"response": []
		},
		{
			"name": "Get Product",
			"request": {
				"method": "POST",
				"header": [],
				"body": {
					"mode": "raw",
					"raw": "{\r\n    \"name\": \"Wireless Headphones\",\r\n    \"price\": 99.99,\r\n    \"items\": 25\r\n}",
					"options": {
						"raw": {
							"language": "json"
						}
					}
				},
				"url": {
					"raw": "localhost:8080/product",
					"host": [
						"localhost"
					],
					"port": "8080",
					"path": [
						"product"
					]
				}
			},
			"response": []
		},
		{
			"name": "Update Product",
			"request": {
				"method": "PUT",
				"header": [],
				"body": {
					"mode": "raw",
					"raw": "{\r\n    \"id\": \"55cbde16-8aaa-40c1-9a7f-4173cb289f2b\",\r\n    \"name\": \"Wireless Headphones111\",\r\n    \"price\": 99.99,\r\n    \"items\": 25,\r\n    \"version\": 0\r\n}",
					"options": {
						"raw": {
							"language": "json"
						}
					}
				},
				"url": {
					"raw": "localhost:8080/products",
					"host": [
						"localhost"
					],
					"port": "8080",
					"path": [
						"products"
					]
				}
			},
			"response": []
		}
	]
}